BCAST_TYPE,PACKET_SIZE,N_PACKETS,N_BOUNCES,NODE,PROCESS,SRC,DST,TAG,COM_TIME,RUNNING_TIME
,100, 4,, lab004-074, 2, 2, 0, 2, 89.756213,108.0036163330
,100, 4,,lab004-074, 0, 0, 2, 2, 62.144361,76.0555267334
,100, 4,, lab004-074, 3, 3, 1, 4, 130.631961,146.1505889893
,100, 4,,lab004-074, 1, 1, 3, 4, 262.008980,277.0423889160
