BCAST_TYPE,PACKET_SIZE,N_PACKETS,N_BOUNCES,NODE,PROCESS,SRC,DST,TAG,COM_TIME,RUNNING_TIME
,8000, 5000,, lab004-074, 3, 3, 1, 4, 0.000201,0.0002179146
,8000, 5000,,lab004-074, 1, 1, 3, 4, 0.000203,0.0002188683
,8000, 5000,,lab004-074, 0, 0, 2, 2, 0.000472,0.0004870892
,8000, 5000,, lab004-074, 2, 2, 0, 2, 0.000087,0.0000989437
