BCAST_TYPE,PACKET_SIZE,N_PACKETS,N_BOUNCES,NODE,PROCESS,SRC,DST,TAG,COM_TIME,RUNNING_TIME
,8000, 1000,, lab004-074, 3, 3, 1, 4, 0.000192,0.0002090931
,8000, 1000,,lab004-074, 1, 1, 3, 4, 0.000194,0.0002081394
,8000, 1000,,lab004-074, 0, 0, 2, 2, 0.000195,0.0002088547
,8000, 1000,, lab004-074, 2, 2, 0, 2, 0.000643,0.0006580353
