BCAST_TYPE,PACKET_SIZE,N_PACKETS,N_BOUNCES,NODE,PROCESS,SRC,DST,TAG,COM_TIME,RUNNING_TIME
,100, 2,, lab004-074, 2, 2, 0, 2, 57.079364,73.1945037842
,100, 2,,lab004-074, 0, 0, 2, 2, 77.719800,92.0295715332
,100, 2,, lab004-074, 3, 3, 1, 4, 313.518103,327.1102905273
,100, 2,,lab004-074, 1, 1, 3, 4, 242.541078,276.0887145996
