BCAST_TYPE,PACKET_SIZE,N_PACKETS,N_BOUNCES,NODE,PROCESS,SRC,DST,TAG,COM_TIME,RUNNING_TIME
,8000, 1000,, lab004-075, 6, 6, 2, 8, 0.001698,0.0017199516
,8000, 1000,, lab004-075, 4, 4, 0, 4, 0.001739,0.0017619133
,8000, 1000,,lab004-074, 0, 0, 4, 4, 0.001880,0.0018949509
,8000, 1000,, lab004-075, 7, 7, 3, 10, 0.001805,0.0018239021
,8000, 1000,,lab004-074, 2, 2, 6, 8, 0.001862,0.0018801689
,8000, 1000,, lab004-075, 5, 5, 1, 6, 0.002008,0.0020289421
,8000, 1000,,lab004-074, 3, 3, 7, 10, 0.001864,0.0018780231
,8000, 1000,,lab004-074, 1, 1, 5, 6, 0.002133,0.0021481514
