PACKET_SIZE,TYPE,RANK_SENDER,TIME,RUNNING_TIME
1, 800,,,, lab004-074, 2,,,, -3625550.099332, ,,0.0005459785
1, 800,,,, lab004-075, 7,,,, -3625571.700345, ,,0.0006988049
1, 800,,,, lab004-075, 4,,,, -3625571.700350, ,,0.0006930828
1, 800,,,, lab004-074, 3,,,, -3625550.099336, ,,0.0005459785
1, 800,,,, lab004-075, 6,,,, -3625571.700344, ,,0.0006690025
1, 800,,,, lab004-074, 1,,,, -3625550.099343, ,,0.0005540848
1, 800,,,, lab004-075, 5,,,, -3625571.700357, ,,0.0008280277
1, 800,,,, lab004-074, 0,,,, -3625550.099348, ,,0.0006818771
