BCAST_TYPE,PACKET_SIZE,N_PACKETS,N_BOUNCES,NODE,PROCESS,SRC,DST,TAG,COM_TIME,RUNNING_TIME
,100, 4,, lab004-075, 4, 4, 0, 4, 654.975884,673.0556488037
,100, 4,, lab004-075, 5, 5, 1, 6, 652.251299,672.1019744873
,100, 4,, lab004-075, 6, 6, 2, 8, 659.330748,675.2014160156
,100, 4,, lab004-075, 7, 7, 3, 10, 653.448049,672.1019744873
,100, 4,,lab004-074, 0, 0, 4, 4, 883.261673,902.8911590576
,100, 4,,lab004-074, 1, 1, 5, 6, 882.538967,905.0369262695
,100, 4,,lab004-074, 2, 2, 6, 8, 874.924939,889.0628814697
,100, 4,,lab004-074, 3, 3, 7, 10, 883.771107,905.0369262695
