PACKET_SIZE,N_PACKETS,SRC,DST,TAG,SEND_TIME
50, 2, 4, 0, 4, 0.001012
50, 2, 0, 4, 4, 0.000715
50, 2, 3, 7, 10, 0.000777
50, 2, 6, 2, 8, 0.001065
50, 2, 7, 3, 10, 0.001074
50, 2, 2, 6, 8, 0.000838
50, 2, 5, 1, 6, 0.001259
50, 2, 1, 5, 6, 0.000960
