BCAST_TYPE,PACKET_SIZE,N_PACKETS,N_BOUNCES,NODE,PROCESS,SRC,DST,TAG,COM_TIME,RUNNING_TIME
,100, 2,, lab004-075, 7, 7, 3, 10, 712.223817,726.9382476807
,100, 2,, lab004-075, 4, 4, 0, 4, 678.176992,693.0828094482
,100, 2,, lab004-075, 5, 5, 1, 6, 715.444330,730.9913635254
,100, 2,, lab004-075, 6, 6, 2, 8, 698.913820,715.0173187256
,100, 2,,lab004-074, 1, 1, 5, 6, 892.614014,906.9442749023
,100, 2,,lab004-074, 2, 2, 6, 8, 898.438040,916.9578552246
,100, 2,,lab004-074, 3, 3, 7, 10, 901.243649,916.9578552246
,100, 2,,lab004-074, 0, 0, 4, 4, 886.941794,901.9374847412
