BCAST_TYPE,PACKET_SIZE,N_PACKETS,N_BOUNCES,NODE,PROCESS,SRC,DST,TAG,COM_TIME,RUNNING_TIME
,8000, 5000,, lab004-075, 6, 6, 2, 8, 0.001398,0.0014150143
,8000, 5000,, lab004-075, 4, 4, 0, 4, 0.001445,0.0014610291
,8000, 5000,,lab004-074, 2, 2, 6, 8, 0.001623,0.0016410351
,8000, 5000,, lab004-075, 5, 5, 1, 6, 0.001570,0.0015838146
,8000, 5000,,lab004-074, 0, 0, 4, 4, 0.001630,0.0016448498
,8000, 5000,, lab004-075, 7, 7, 3, 10, 0.001640,0.0016541481
,8000, 5000,,lab004-074, 1, 1, 5, 6, 0.001702,0.0017170906
,8000, 5000,,lab004-074, 3, 3, 7, 10, 0.001877,0.0018899441
