PACKET_SIZE,TYPE,RANK_SENDER,TIME,RUNNING_TIME
,0.0003688335
,0.0003840923
,0.0009438992
,0.0004160404
,0.0012907982
0, 800,,,, lab004-074, 0,,,, 0.001953, ,,0.0019800663
,0.0016460419
,0.0020148754
