BCAST_TYPE,PACKET_SIZE,N_PACKETS,N_BOUNCES,NODE,PROCESS,SRC,DST,TAG,COM_TIME,RUNNING_TIME
,80000, 10000,, lab004-075, 4, 4, 0, 4, 6.820929,6.8209621906
,80000, 10000,,lab004-074, 0, 0, 4, 4, 6.821452,6.8214848042
,80000, 10000,, lab004-075, 5, 5, 1, 6, 6.840492,6.8405108452
,80000, 10000,,lab004-074, 1, 1, 5, 6, 6.841043,6.8410668373
,80000, 10000,, lab004-075, 6, 6, 2, 8, 6.846495,6.8465158939
,80000, 10000,,lab004-074, 2, 2, 6, 8, 6.847074,6.8470959663
,80000, 10000,, lab004-075, 7, 7, 3, 10, 6.856763,6.8567810059
,80000, 10000,,lab004-074, 3, 3, 7, 10, 6.857357,6.8573718071
