BCAST_TYPE,PACKET_SIZE,N_PACKETS,N_BOUNCES,NODE,PROCESS,SRC,DST,TAG,COM_TIME,RUNNING_TIME
,80000, 5000,, lab004-075, 4, 4, 0, 4, 3.401467,3.4014899731
,80000, 5000,,lab004-074, 0, 0, 4, 4, 3.401728,3.4017539024
,80000, 5000,, lab004-075, 6, 6, 2, 8, 3.419564,3.4195950031
,80000, 5000,, lab004-075, 7, 7, 3, 10, 3.423767,3.4237840176
,80000, 5000,,lab004-074, 2, 2, 6, 8, 3.419850,3.4198679924
,80000, 5000,,lab004-074, 3, 3, 7, 10, 3.423838,3.4238538742
,80000, 5000,, lab004-075, 5, 5, 1, 6, 3.428775,3.4287898540
,80000, 5000,,lab004-074, 1, 1, 5, 6, 3.429069,3.4290869236
