BCAST_TYPE,PACKET_SIZE,N_PACKETS,N_BOUNCES,NODE,PROCESS,SRC,DST,TAG,COM_TIME,RUNNING_TIME
,8000, 10000,,lab004-074, 0, 0, 2, 2, 0.005635,0.0056588650
,8000, 10000,, lab004-074, 2, 2, 0, 2, 0.005622,0.0056469440
,8000, 10000,, lab004-074, 3, 3, 1, 4, 0.006073,0.0060880184
,8000, 10000,,lab004-074, 1, 1, 3, 4, 0.005785,0.0058009624
