BCAST_TYPE,PACKET_SIZE,N_PACKETS,N_BOUNCES,NODE,PROCESS,SRC,DST,TAG,COM_TIME,RUNNING_TIME
,80000, 1000,, lab004-075, 7, 7, 3, 10, 0.635343,0.6353631020
,80000, 1000,,lab004-074, 3, 3, 7, 10, 0.635901,0.6359272003
,80000, 1000,, lab004-075, 4, 4, 0, 4, 0.658522,0.6585378647
,80000, 1000,,lab004-074, 0, 0, 4, 4, 0.658853,0.6588709354
,80000, 1000,, lab004-075, 5, 5, 1, 6, 0.681990,0.6820161343
,80000, 1000,,lab004-074, 1, 1, 5, 6, 0.682456,0.6824738979
,80000, 1000,, lab004-075, 6, 6, 2, 8, 0.685945,0.6859610081
,80000, 1000,,lab004-074, 2, 2, 6, 8, 0.686289,0.6863059998
