BCAST_TYPE,PACKET_SIZE,N_PACKETS,N_BOUNCES,NODE,PROCESS,SRC,DST,TAG,COM_TIME,RUNNING_TIME
,80000, 10000,, lab004-074, 3, 3, 1, 4, 0.029830,0.0298459530
,80000, 10000,,lab004-074, 1, 1, 3, 4, 0.029619,0.0296339989
,80000, 10000,,lab004-074, 0, 0, 2, 2, 0.030287,0.0303010941
,80000, 10000,, lab004-074, 2, 2, 0, 2, 0.030307,0.0303211212
