BCAST_TYPE,PACKET_SIZE,N_PACKETS,N_BOUNCES,NODE,PROCESS,SRC,DST,TAG,COM_TIME,RUNNING_TIME
,8000000, 10000,, lab004-075, 4, 4, 0, 4, 600.814146,600.8141770363
,8000000, 10000,,lab004-074, 0, 0, 4, 4, 600.815051,600.8150808811
,8000000, 10000,, lab004-075, 5, 5, 1, 6, 612.642385,612.6424150467
,8000000, 10000,,lab004-074, 1, 1, 5, 6, 612.643219,612.6432490349
,8000000, 10000,, lab004-075, 6, 6, 2, 8, 673.062813,673.0628359318
,8000000, 10000,,lab004-074, 2, 2, 6, 8, 673.063498,673.0635230541
,8000000, 10000,, lab004-075, 7, 7, 3, 10, 685.082211,685.0822410583
,8000000, 10000,,lab004-074, 3, 3, 7, 10, 685.082811,685.0828459263
