BCAST_TYPE,NPROC,PACKET_SIZE,N_PACKETS,N_BOUNCES,TYPE,NODE,PROCESS,SRC,DST,TAG,COM_TIME,RUNNING_TIME
,4, 2000, 1000,, RS, lab004-074, 2, 2, 0, 2, 0.002352,0.0023789406
,4, 2000,1000,, SR,lab004-074, 0, 0, 2, 2, 0.002355,0.0023758411
,4, 2000, 1000,, RS, lab004-074, 3, 3, 1, 4, 0.002789,0.0028088093
,4, 2000,1000,, SR,lab004-074, 1, 1, 3, 4, 0.002516,0.0025339127
