BCAST_TYPE,PACKET_SIZE,N_PACKETS,N_BOUNCES,NODE,PROCESS,SRC,DST,TAG,COM_TIME,RUNNING_TIME
,8000, 1000,, lab004-075, 7, 7, 3, 10, 0.061486,0.0615041256
,8000, 1000,, lab004-075, 5, 5, 1, 6, 0.064156,0.0641717911
,8000, 1000,,lab004-074, 3, 3, 7, 10, 0.061578,0.0616002083
,8000, 1000,,lab004-074, 1, 1, 5, 6, 0.064279,0.0642938614
,8000, 1000,, lab004-075, 4, 4, 0, 4, 0.069566,0.0695819855
,8000, 1000,, lab004-075, 6, 6, 2, 8, 0.069828,0.0698430538
,8000, 1000,,lab004-074, 0, 0, 4, 4, 0.069793,0.0698101521
,8000, 1000,,lab004-074, 2, 2, 6, 8, 0.070105,0.0701208115
