BCAST_TYPE,PACKET_SIZE,N_PACKETS,N_BOUNCES,NODE,PROCESS,SRC,DST,TAG,COM_TIME,RUNNING_TIME
,8000, 5000,,lab004-074, 0, 0, 2, 2, 0.004005,0.0040302277
,8000, 5000,, lab004-074, 2, 2, 0, 2, 0.004002,0.0040302277
,8000, 5000,, lab004-074, 3, 3, 1, 4, 0.004030,0.0040469170
,8000, 5000,,lab004-074, 1, 1, 3, 4, 0.004324,0.0043399334
