BCAST_TYPE,PACKET_SIZE,N_PACKETS,N_BOUNCES,NODE,PROCESS,SRC,DST,TAG,COM_TIME,RUNNING_TIME
,80000, 1000,,lab004-074, 0, 0, 2, 2, 0.003102,0.0031180382
,80000, 1000,, lab004-074, 2, 2, 0, 2, 0.003186,0.0032031536
,80000, 1000,, lab004-074, 3, 3, 1, 4, 0.003260,0.0032730103
,80000, 1000,,lab004-074, 1, 1, 3, 4, 0.003207,0.0032310486
