BCAST_TYPE,PACKET_SIZE,N_PACKETS,N_BOUNCES,NODE,PROCESS,SRC,DST,TAG,COM_TIME,RUNNING_TIME
,8000000, 5000,,lab004-074, 0, 0, 2, 2, 1.018240,1.0182678699
,8000000, 5000,, lab004-074, 2, 2, 0, 2, 1.018230,1.0182690620
,8000000, 5000,,lab004-074, 1, 1, 3, 4, 1.031691,1.0317089558
,8000000, 5000,, lab004-074, 3, 3, 1, 4, 1.031366,1.0313870907
