BCAST_TYPE,NPROC,PACKET_SIZE,N_PACKETS,N_BOUNCES,TYPE,NODE,PROCESS,SRC,DST,TAG,COM_TIME,RUNNING_TIME
,8, 2000, 1000,, RS, lab004-075, 7, 7, 3, 10, 0.055791,0.0558099747
,8, 2000,1000,, SR,lab004-074, 3, 3, 7, 10, 0.056008,0.0560300350
,8, 2000, 1000,, RS, lab004-075, 5, 5, 1, 6, 0.068497,0.0685141087
,8, 2000,1000,, SR,lab004-074, 1, 1, 5, 6, 0.068475,0.0684940815
,8, 2000, 1000,, RS, lab004-075, 6, 6, 2, 8, 0.069643,0.0696589947
,8, 2000,1000,, SR,lab004-074, 2, 2, 6, 8, 0.069739,0.0697588921
,8, 2000, 1000,, RS, lab004-075, 4, 4, 0, 4, 0.069864,0.0698940754
,8, 2000,1000,, SR,lab004-074, 0, 0, 4, 4, 0.070005,0.0700259209
