BCAST_TYPE,PACKET_SIZE,N_PACKETS,N_BOUNCES,NODE,PROCESS,SRC,DST,TAG,COM_TIME,RUNNING_TIME
,8000000, 1000,, lab004-074, 3, 3, 1, 4, 0.193748,0.1937789917
,8000000, 1000,,lab004-074, 1, 1, 3, 4, 0.193752,0.1937758923
,8000000, 1000,,lab004-074, 0, 0, 2, 2, 0.200002,0.2000188828
,8000000, 1000,, lab004-074, 2, 2, 0, 2, 0.200258,0.2002749443
