BCAST_TYPE,PACKET_SIZE,N_PACKETS,N_BOUNCES,NODE,PROCESS,SRC,DST,TAG,COM_TIME,RUNNING_TIME
,8000000, 1000,, lab004-075, 5, 5, 1, 6, 62.211279,62.2113101482
,8000000, 1000,,lab004-074, 1, 1, 5, 6, 62.211255,62.2112870216
,8000000, 1000,, lab004-075, 6, 6, 2, 8, 67.582236,67.5822668076
,8000000, 1000,,lab004-074, 2, 2, 6, 8, 67.582254,67.5822861195
,8000000, 1000,, lab004-075, 7, 7, 3, 10, 67.898113,67.8981399536
,8000000, 1000,,lab004-074, 3, 3, 7, 10, 67.898193,67.8982231617
,8000000, 1000,, lab004-075, 4, 4, 0, 4, 68.511066,68.5110931396
,8000000, 1000,,lab004-074, 0, 0, 4, 4, 68.511134,68.5111639500
