BCAST_TYPE,PACKET_SIZE,N_PACKETS,N_BOUNCES,NODE,PROCESS,SRC,DST,TAG,COM_TIME,RUNNING_TIME
,8000, 10000,, lab004-075, 5, 5, 1, 6, 0.669518,0.6695408821
,8000, 10000,, lab004-075, 7, 7, 3, 10, 0.671820,0.6718370914
,8000, 10000,,lab004-074, 1, 1, 5, 6, 0.669773,0.6697988510
,8000, 10000,,lab004-074, 3, 3, 7, 10, 0.671946,0.6719620228
,8000, 10000,, lab004-075, 4, 4, 0, 4, 0.682016,0.6820330620
,8000, 10000,,lab004-074, 0, 0, 4, 4, 0.682103,0.6821208000
,8000, 10000,, lab004-075, 6, 6, 2, 8, 0.693031,0.6930489540
,8000, 10000,,lab004-074, 2, 2, 6, 8, 0.693258,0.6932749748
