PACKET_SIZE,N_PACKETS,SRC,DST,TAG,SEND_TIME
50, 2, 6, 2, 8, 0.000324
50, 2, 0, 4, 4, 0.000771
50, 2, 7, 3, 10, 0.000323
50, 2, 2, 6, 8, 0.000770
50, 2, 4, 0, 4, 0.000326
50, 2, 3, 7, 10, 0.000777
50, 2, 5, 1, 6, 0.000402
50, 2, 1, 5, 6, 0.000986
50, 2, 0, 4, 4, 0.000690
50, 2, 7, 3, 10, 0.000704
50, 2, 1, 5, 6, 0.000721
50, 2, 4, 0, 4, 0.000708
50, 2, 3, 7, 10, 0.000706
50, 2, 6, 2, 8, 0.000701
50, 2, 5, 1, 6, 0.000700
50, 2, 2, 6, 8, 0.000687
