BCAST_TYPE,PACKET_SIZE,N_PACKETS,N_BOUNCES,NODE,PROCESS,SRC,DST,TAG,COM_TIME,RUNNING_TIME
,8000, 5000,, lab004-075, 5, 5, 1, 6, 0.342478,0.3425040245
,8000, 5000,, lab004-075, 7, 7, 3, 10, 0.342669,0.3426899910
,8000, 5000,, lab004-075, 6, 6, 2, 8, 0.342981,0.3430168629
,8000, 5000,,lab004-074, 1, 1, 5, 6, 0.342744,0.3427689075
,8000, 5000,,lab004-074, 3, 3, 7, 10, 0.342733,0.3427498341
,8000, 5000,,lab004-074, 2, 2, 6, 8, 0.343253,0.3432688713
,8000, 5000,, lab004-075, 4, 4, 0, 4, 0.346722,0.3467400074
,8000, 5000,,lab004-074, 0, 0, 4, 4, 0.346785,0.3468008041
