BCAST_TYPE,PACKET_SIZE,N_PACKETS,N_BOUNCES,NODE,PROCESS,SRC,DST,TAG,COM_TIME,RUNNING_TIME
,80000, 5000,,lab004-074, 1, 1, 3, 4, 0.014955,0.0149779320
,80000, 5000,, lab004-074, 3, 3, 1, 4, 0.014923,0.0149779320
,80000, 5000,,lab004-074, 0, 0, 2, 2, 0.016292,0.0163071156
,80000, 5000,, lab004-074, 2, 2, 0, 2, 0.016546,0.0165619850
