BCAST_TYPE,PACKET_SIZE,N_PACKETS,N_BOUNCES,NODE,PROCESS,SRC,DST,TAG,COM_TIME,RUNNING_TIME
,8000000, 5000,, lab004-075, 4, 4, 0, 4, 293.788805,293.7888338566
,8000000, 5000,,lab004-074, 0, 0, 4, 4, 293.788789,293.7888190746
,8000000, 5000,, lab004-075, 6, 6, 2, 8, 302.389318,302.3893508911
,8000000, 5000,,lab004-074, 2, 2, 6, 8, 302.389400,302.3894309998
,8000000, 5000,, lab004-075, 7, 7, 3, 10, 337.026458,337.0264887810
,8000000, 5000,,lab004-074, 3, 3, 7, 10, 337.026607,337.0266427994
,8000000, 5000,, lab004-075, 5, 5, 1, 6, 342.631880,342.6319139004
,8000000, 5000,,lab004-074, 1, 1, 5, 6, 342.632072,342.6321067810
