BCAST_TYPE,NPROC,PACKET_SIZE,N_PACKETS,N_BOUNCES,TYPE,NODE,PROCESS,SRC,DST,TAG,COM_TIME,RUNNING_TIME
0, 4, 2000,,,, lab004-074, 3,,,, 0.000526,0.0005428791
0, 4, 2000,,,, lab004-074, 0,,,, 0.000552,0.0005748272
0, 4, 2000,,,, lab004-074, 1,,,, 0.000192,0.0002069473
0, 4, 2000,,,, lab004-074, 2,,,, 0.000567,0.0005879402
