BCAST_TYPE,NPROC,PACKET_SIZE,N_PACKETS,N_BOUNCES,TYPE,NODE,PROCESS,SRC,DST,TAG,COM_TIME,RUNNING_TIME
0, 8, 2000,,,, lab004-074, 2,,,, 0.000611,0.0006330013
0, 8, 2000,,,, lab004-074, 3,,,, 0.000576,0.0005998611
0, 8, 2000,,,, lab004-074, 1,,,, 0.000598,0.0006229877
0, 8, 2000,,,, lab004-075, 4,,,, 0.001072,0.0010890961
0, 8, 2000,,,, lab004-075, 5,,,, 0.001425,0.0014488697
0, 8, 2000,,,, lab004-075, 6,,,, 0.001798,0.0018169880
0, 8, 2000,,,, lab004-074, 0,,,, 0.002055,0.0020711422
0, 8, 2000,,,, lab004-075, 7,,,, 0.002171,0.0021939278
