BCAST_TYPE,NPROC,PACKET_SIZE,N_PACKETS,N_BOUNCES,TYPE,NODE,PROCESS,SRC,DST,TAG,COM_TIME,RUNNING_TIME
1, 8, 2000,,,, lab004-074, 1,,,, 0.000514,0.0005400181
1, 8, 2000,,,, lab004-075, 7,,,, 0.000645,0.0006599426
1, 8, 2000,,,, lab004-075, 5,,,, 0.000637,0.0006558895
1, 8, 2000,,,, lab004-074, 2,,,, 0.000506,0.0005199909
1, 8, 2000,,,, lab004-074, 3,,,, 0.000523,0.0005428791
1, 8, 2000,,,, lab004-075, 6,,,, 0.000643,0.0006570816
1, 8, 2000,,,, lab004-074, 0,,,, 0.000509,0.0006799698
1, 8, 2000,,,, lab004-075, 4,,,, 0.000802,0.0008161068
