BCAST_TYPE,NPROC,PACKET_SIZE,N_PACKETS,N_BOUNCES,TYPE,NODE,PROCESS,SRC,DST,TAG,COM_TIME,RUNNING_TIME
1, 4, 2000,,,, lab004-074, 3,,,, 0.000282,0.0002961159
1, 4, 2000,,,, lab004-074, 0,,,, 0.000027,0.0000438690
1, 4, 2000,,,, lab004-074, 1,,,, 0.000272,0.0002870560
1, 4, 2000,,,, lab004-074, 2,,,, 0.000265,0.0002789497
